phone=250-616-2215,name=Tami, address=5409 Hidden Pointe,job=student
name=Damion,job=engineer
email=lin@hotmail.com,job=architect,address=9522 Cinder Grounds,name=Lin
job=doctor ,name=Alysia,email=alysia@gmail.com 
name=Minta ,email=minta@hotmail.com
name=Jayna,email=jayna@camosun.bc.ca
email=loura@gmail.com, address=9961 Crystal Berry Townline,name=Loura 
name=Farrah,job=teacher
name=Brian,email=brian@gmail.com
name=Rolland,email=rolland@shaw.ca
job=engineer,address=5307 Sleepy Trail,phone=250-599-4186,name=Brianne
job=nurse,name=Alexandra,email=alexandra@shaw.ca
name=Eli,phone=250-592-4762,job=teacher
email=alda@yahoo.com,name=Alda
email=raven@gmail.com,job=architect,name=Raven
email=tonia@camosun.bc.ca,name=Tonia,address=1116 Red Pines
name=Marlys,address=134 Silent Leaf Moor,email=marlys@gmail.com
name=Vicenta,job=architect,email=vicenta@shaw.ca
age=64,name=Christiane,job=programmer
email=joy@camosun.bc.ca,name=Joy 
address=9961 Crystal Berry Townline,email=eunice@hotmail.com,name=Eunice
email=donte@hotmail.com,name=Donte
name=Mae
age=30,name=Vanda, email=vanda@hotmail.com
name=Gretchen,email=gretchen@hotmail.com
email=lavina@hotmail.com, name=Lavina,job=student 
address=3505 Pleasant Lagoon Nook,name=Jc,phone=250-634-5955 
email=vance@hotmail.com, name=Vance
job=programmer,name=Delora,email=delora@gmail.com 
email=deshawn@yahoo.com,job=student,name=Deshawn
email=cindi@camosun.bc.ca,name=Cindi
age=20,name=Stanford,address=9961 Crystal Berry Townline
job=architect,name=Kasey
email=lucrecia@yahoo.com,name=Lucrecia
email=latashia@hotmail.com,name=Latashia 
name=Boyce,age=42
email=martine@yahoo.com ,name=Martine 
name=Derrick,email=derrick@hotmail.com,address=1254 Hazy Dale Via 
email=maryam@shaw.ca,name=Maryam
email=cindy@gmail.com,address=5629 Indian Bear Valley,name=Cindy,phone=580-2691,job=teacher
email=olen@gmail.com,address=8315 Colonial Ridge,name=Olen
address=1562 Rocky Pony Parkway,name=Rema
email=karine@camosun.bc.ca, job=nurse,name=Karine,address=1562 Rocky Pony Parkway
email=tijuana@shaw.ca,name=Tijuana
job=engineer,address=1922 Tawny Blossom Alley,email=tyrell@gmail.com,name=Tyrell 
name=Dinorah,age=25,email=dinorah@hotmail.com,address=5307 Sleepy Trail
address=1922 Tawny Blossom Alley,job=engineer,name=Chad,email=chad@gmail.com
name=Galen,phone=313-4207,email=galen@hotmail.com
name=Chantell,email=chantell@yahoo.com
name=Milo 
